id;first_name;last_name;gender;email;phone;address_line_1;address_line_2;city;country
1;Chelsey;Wyman;FEMALE;"eLrC@nlNME.7f.o.stVyrM.ahz68.G-";653.760.8584 x5122;users;Directives Soft Implementation;Janesville;Benin
2;Davon;Pacocha;FEMALE;"tf@fdKeO.XO9.Zt.sY.0OeV.mBne";205.717.2697 x7267;initiatives azure;benchmark invoice Tuna;Lawrencehaven;Mauritius
3;Keegan;Runte;MALE;"S@ueglpT.eZiHk.BHjJ.1o.lUCO";923-886-5406;Architect redefine Auto;Cotton;Flagstaff;Bangladesh
4;Crystel;Jacobson;FEMALE;"bC7D0@9H.kqP.bNlZH.Cl.p4Ruia.qW.aR";496.281.9476 x8806;Open-source parsing Ramp;Human New;San Buenaventura (Ventura);Macao
5;Herman;Upton;FEMALE;"E57@3h.4Hky";1-608-637-0319 x9357;deliverables transmitter salmon;Gorgeous up neural;East Elishamouth;Seychelles
6;Kiel;Renner;FEMALE;"BPT@1I.w.VZM";(426) 257-8954 x116;online;Soap;Kulasmouth;Nicaragua
7;Daija;Klocko;FEMALE;"AJ@As.2TB8.KCJS.fK6.ye.mxuZ";765.929.5756 x10298;JSON Data synthesize;quantify;East Hartford;Mauritius
8;Kaia;Koepp;FEMALE;"_SdB-0@F.f.Wp6_.-ZA.aBt_MI.q-D";304-912-8426 x864;networks Buckinghamshire;Web olive parse;Reggieland;Uruguay
9;Genesis;Casper;MALE;"sm-6@bPhq.TS8dON._0zb8.T.RCxg";(466) 558-9094 x23381;Franc Zloty;Unions hack;New Kamrynberg;Uruguay
10;Johnnie;Reichel;FEMALE;"axd0._@fLn.CO2M.BG";271.609.4999 x699;Specialist Ergonomic;streamline;Amayaborough;Faroe Islands
